topic,rating,review_text,matched_other_topics,is_correct,note
return_blocked,1.0,died easy to install worked till yesterday now does not work 1 week outside of return date,"durability_failure,performance",,
misrepresentation,4.0,not oem but same parts great price replacing just the rollers was all i wanted to do but from appliance web sites each roller was 32 each without the belt or tensioning roller these sites are great to find the part numbers and the breakdown of the dryer parts fit great and the dryer works much better now,,,
shipping_packaging,1.0,very disappointed one of the filters came damaged the others were poorly and cheaply made,build_quality,,
durability_failure,1.0,i should have listened to the other reviews i confirm that the belt in this dryer repair kit is defective the belt broke with in the first 10 minutes of use so i placed the old belt that has more than 12 year of wear and tear back on the machine and it works fine but i still need a new belt i am sure that the old belt has very little service life left in it i have emailed the seller about the prob,,,
refund_warranty_cs,1.0,disappointed in the cuisinart brand returned because it would not work after i followed set up instructions gave an error message i called the cuisinart customer service phone number and was on hold for 15 20 minutes with the recorded messages telling me every 30 seconds or so that all representatives were busy and i had a more than 5 minute wait time i decided to give up i ordered this coffee mak,"performance,leak_damage",,
refund_warranty_cs,1.0,ordered directly from lg will not screw in correctly lg changed the plastic injection mold see photo of original filter and new lg filter the 2 small internal lugs are at 45degrees to the locking lugs on the outside of filter the new ones are perpendicular to the outside lugs so it is impossible to fully turn the filter to lock in place lg want me to pay for a service tech to come out to tell me t,incompatibility,,
return_intent,4.0,small and modern for what you want looks very nice clean and modern although i did not try it the circle thing where you put clothes in is really loose so i assume it would make a loud noise light enough to move around not as heavy as you may think i returned it because it appeared smaller than in the photos and because the inside circle where you put in clothes was not centered it was far off to ,refund_warranty_cs,,
leak_damage,1.0,the lower price but pureline s quality control must be poor i bought the 3 pack pureline pl 200 3 fbm samsung compatible water enticed by the lower price but pureline s quality control must be poor i bought the 3 pack pureline pl 200 3 fbm samsung compatible water filter first one i put in had a hairline crack in the end of the filter at the handle and had a slow leak when i would wipe the end of ,purchase_warning,,
durability_failure,2.0,new one every year bought it may 2019 broke today july 14 2020 nothing spilled on it no reason was sparking and started on fire will not buy again,,,
return_intent,1.0,double your money worked perfect for about a week then quit sent it back asking for replacement they did a refund with the time wasted i should have bought a better item,refund_warranty_cs,,
refund_warranty_cs,5.0,great refrigerator amazon delivery and install was great i took a chance and purchased the kenmore 73029 refrigerator from amazon saved a lot of money installation was free and professional and so far works great there are a few bad reviews on this refrigerator but most reviews are positive so to be safe i purchased the extended warranty the warranty was also reasonably priced compared to local st,,,
incompatibility,1.0,buyer beware this sounds like a great deal it may just be but only if you have a stacking washer and dryer somewhere i am sure it says that it s for a stacking set but i as one who does read the description got pulled in by the video and ordered it by watching the moving pictures this will not fit on a stand alone dryer do not get it unless you have a stackable even then i am not too sure,purchase_warning,,
return_blocked,5.0,much better price than going through samsung samsung wanted 60 per replacement knob i have only had the range 4 years and the knobs were all cracking which seems like a parts defect that they should have replaced for zero charge but they claimed it was a warranty item and of course that had expired but 60 per knob is outrageous these look great and were only 34 plus tax for all five in the set i l,refund_warranty_cs,,
build_quality,4.0,great range hood with some gimmicks great range hood with some gimmicks i have had this for about six months now i have it vented to the great outdoors i must say that it works like a charm this thing could suck out the nastiest grease fire on high it s a little less noisy than the average job which runs at about 1 3 the cfm but still noisy at first i had it set to recirculate while i mustered up ,leak_damage,,
return_intent,2.0,doesn t have the pictured screw on lid unlike other brewers this price you need their pitcher pictured in the description pics is a screw on lid cover this is not included nor is the lid a silicone type tight seal lid it s just a pop in not on or over plastic flex lid if it s jostled at all the lid pops off and your tea or coffee grains are now all over in your water this apparently needs the pitc,,,
return_blocked,5.0,awesome replacement perfect fit and not noisy as others have said great replacement parts shipped fast and and at a nice price i guess we are stuck with our pile of crap bosch washer for a while longer,,,
purchase_warning,5.0,exactly what i wanted the base snaps on and off for easier cleaning it works well and should last a long time if not abused liquid flows down the outside of the funnel by design for that reason it can not be easily used like a conventional funnel without the base if you want the outside to stay dry do not buy this funnel,,,
return_blocked,1.0,do not trust whirlpool or amazon it worked for 5 months and too late for the return policy it s warranted for 1 full year i contacted whirlpool three times and was told they would not repair or replace it because i bought it at amazon and must return it to them i chatted with amazon and got this reply we will not be able to help you with the return as our system will not allow us to take any actio,performance,,
water_taste_filter,4.0,did notice a little better flavor i am just not crazy about having to did notice a little better flavor i am just not crazy about having to use a different process to make a cup of coffee using these filters i did find out why a different process is required since the normal process with the reusable filters results in a lot of sediment similar to a french press last couple of cups,,,
shipping_packaging,4.0,i m glad i spent the extra dollars of course i used it right out the box the washer works good it is about counter height especially since i have it on wheels those two back wheels don t maneuver well enough for me also the amazon driver did not deliver to my apartment door as asked 2nd floor it was left blocking the entrance to my first floor neighbor s doors my washer also arrived dented as many,,,
performance,1.0,filter the filter did not work in my ge refrigerator,,,
leak_damage,5.0,good price fixed leak,,,
refund_warranty_cs,5.0,go with what was designed for your fridge installed easily ran about four or five big gulps of volume through perhaps initially cloudy but quickly dissipated clean and works great best to use certified filter not sure if it matters related to voiding any sort of warranty with 3rd party filters but i was not taking any chances to save 10 bucks,,,
misrepresentation,1.0,they seem far more durable and work better i do not think i have ever written a negative review but i have purchased four of this these filters specifically the keurig brand two from the actual keurig site in the last few months and they are not made well they are complicated to use and just as other reviewers have revealed with their photos the plastic lip around the lid is so fragile pieces of i,"build_quality,refund_warranty_cs,purchase_warning",,
leak_damage,1.0,do not buy for ge refrigerator s does not work with ge refrigerators after installing this and the water given a leak air i realized that it does not have the computer chip that must be used to work with the ge caf refrigerators very frustrating will be returning,"performance,return_intent,purchase_warning",,
build_quality,4.0,not durable and overpriced but what else are you going to do this product should only be considered by people with compact dishwashers my current rental has such a unit and this basket is the only one i could find that would fit to check compatibility see my detailed measurements at the end i paid 22 i feel like it might be worth half of that but with no other options i guess i was just lucky to f,,,
purchase_warning,1.0,useless this tool was worthless i got it after watching a few videos on youtube and seeing how easy it was supposed to make the reinstallation of the spring you put the rounded end in the hoop on the wire and the hook through the spring then as you squeeze the pliers the spring is supposed to be able to latch onto the wire hook yet at its closed position the spring was no where near the wires hook,performance,,
purchase_warning,4.0,great product for supplementing trips to the laundromat first of all i would probably have given it 5 stars if pieces did not keep falling off but the thing does seem a little cheaply made however the pieces that do fall off do not affect the actual functionality of the product the other downfall is the suction cups on the bottom are often very difficult to get to adhere to a surface but again tha,build_quality,,
shipping_packaging,1.0,package open and item missing both package and box were open upon receipt and water filter was missing,,,
refund_warranty_cs,5.0,ice maker i bought this to have ice in the house for frosty drinks 3 months later the water pump stopped working but customer service is great and worked with me to rectify the issue,durability_failure,,
durability_failure,5.0,saved me buying a new machine our dryer has been in our home since we purchased in 2000 we thought it was time to replace the machine since the filter was broken and old no way we purchased this and running as before amazing product,,,
shipping_packaging,4.0,better price for the product easy to install but quite disappointed the tab freshness indicator was missing so no way to actually know when it is time to replace it,,,
build_quality,1.0,french doors large size ice maker good price update 6 5 2021 update 3 28 2022 update 12 30 22 the installer bungled the freezer section by leaving a screw in place beneath the bottom decorative bezel which caused an air leak and subsequent large amounts of frost but sears sent a repair person over and they fixed it right up after diagnosing the issue other than that we love it 5 weeks into it it s,"durability_failure,leak_damage,refund_warranty_cs",,
durability_failure,4.0,ge lg washer lid switch arrived at tail end of estimated eta but part worked not too bad to install if you can do basic wiring and follow diagram and saved us from having to get new washer just weeks after we had to get a new stove range that was not working right just before thanksgiving edit worked for 5 5 months and same part burnt out and have to get a new one was hoping would last a year or t,,,
return_blocked,5.0,perfect fit on our whirlpool dishwasher looks identical to the original parts that broke shortly after the warranty expired bit of a pain to install but that s the nature of the design honestly ca not tell the difference between this and the part sold by the manufacturer at nearly 2x the price for a single art if the dishwasher lasts long enough that i need to replace these clips again i will defi,"durability_failure,refund_warranty_cs",,
leak_damage,4.0,simple design that works great only complaint is that it s hard to screw simple design that works great only complaint is that it s hard to screw in the stopper and it sometimes leaks,,,
durability_failure,2.0,worked for less than 6 months yes the product did work and was cheaper than ordering directly from manufacturer but it just stopped working again after 5 months not happy oh and i tried to reorder and the price went from 88 to 135,,,
performance,5.0,best dryer duct ever i used this as the air outlet duct for a gas dryer if possible go to the website for the instructional video the package did not come with instructions also be sure to extend the duct ends about 6 before installing the end caps otherwise it wo not work took 10 minutes including watching the video twice,,,
build_quality,5.0,purely functional unlike the flimsy plastic vent tubes that seem to collect lint this has a smooth inner wall with a full 4 id throughout that allows air to flow nicely even thru the bends,,,
incompatibility,5.0,perfect fit excellent quality fast delivery perfect match for the one we broke nothing exciting to report it works price was very good i checked the manufacturers part number on line with the model for microwave easy to find on inside of microwave be sure to buy the right one these are not universal to all microwaves,durability_failure,,
performance,4.0,i liked them they do not work on my keurig,,,
performance,1.0,the size of the capsule is wrong way to small these capsules are way too small and does not work,incompatibility,,
purchase_warning,1.0,this product is complete junk do not buy it worked for maybe two weeks poorly packaged and very low quality i repurchased thinking maybe we got a dud but that was not the case do not waste your money,"build_quality,shipping_packaging",,
incompatibility,1.0,did not fit the tray it s self was fine even though i ordered it according to the model number of my refrigerator it did not fit so i returned it,return_intent,,
performance,1.0,not compatible they do not work with my keurig they leak all around outside of pod holder,"incompatibility,leak_damage",,
incompatibility,5.0,wrong size wrong size,,,
refund_warranty_cs,1.0,listen to the reviews magnet is not strong enough just like many of the other reviews stated this magnet is not strong enough to hold the door closed now i can t get it off to return for a refund so i m stuck with it,return_blocked,,
refund_warranty_cs,1.0,lasted just long enough so it was out of warranty lasted only 14 months i got what i paid for my next is going for original equipment ca not afford to dismantle put in a new one every year i bought the cheap unit and it did not last buyer beware,"durability_failure,purchase_warning",,
leak_damage,1.0,do not buy when installed in my samsung fridge this filter slowly leaked water into the drawer below i guess it does not seal properly i was very lucky that i checked because if i had not i would have woken up in the morning to my fridge sitting in a giant puddle of water these filters do not seal they leak you will end up with in damage do not buy these,purchase_warning,,
refund_warranty_cs,1.0,total garbage this is the biggest piece of garbage in my house i bought the five year extended warranty and this thing is so bad there nothing that can be done to save it every single shelf and drawer is broken all of them not covered by warranty do not but this or any other samsung appliance,durability_failure,,
return_intent,2.0,way to noisy this water cooler is so noisy i have leveled it per the instructions and it is still noisy if it would not be so much to ship it back i would have returned it the day i plugged it in,,,
water_taste_filter,5.0,cheaper custom coffee pods use daily abt 2 3 pods taste i m pretty sensitive to odors flavors tasted no plastic or odd aftertaste cleaning easy enough dump grinds run thru hot water soap filling tried coffee measuring spoon to fill but often spilled now pour coffee from a narrow glass bottle but obviously somewhat inconsistent measurements bottom line fill with desired coffee much cheaper than pre,,,
refund_warranty_cs,5.0,fit and fixed my oven even with a home warranty replacing this myself was cheaper then the deductible to have it repaired professionally it took about 5 min to replace and my wife was cooking with it right after,,,
performance,1.0,very disappointing all 4 filters didn t work the first had a water flow for several days then dropped to a trickle the rest were the same way i rarely use the water dispenser so it took me awhile past return date to realize i had a bad order sad too as this filter reports to be a better filtering filter than the more expensive lg factory model it replaces,return_blocked,,
purchase_warning,5.0,works perfect no issues whatsoever it works great i have had no issues with it whatsoever i recommend it especially as opposed to using paper filters that s just a waste of money,,,
purchase_warning,2.0,not good for cold brew water does not saturate well i have been making cold brew with this bag for 2 weeks two out of the 4 times i have used it despite agitating and dunking the sealed bag i will pull it out 18 hours later to see that not all of the coffee grounds are even wet the stitching in the bag seems to be too tight for water to saturate it well i would not recommend this for cold brew eve,,,
performance,5.0,problem is it freezes the whole fridge that s good it is after 4 years at max level which the one i purchased 4 years ago says page unavailable i do own this fridge even if it does not say verified purchase the reason i did not did not decide to review it till it broke i googled how long doe a mini fridge last avg 5 yrs thing is it still works but only on high if i turn it from 7 to 6 it just clic,durability_failure,,
performance,4.0,quick replacement our first order was for the 2 pack and one did not work it was returned and the replacement was received quickly it works and we are very pleased with the service,,,
return_intent,4.0,nice to look at these were nice to look at but they just aren t for me i returned them,,,
build_quality,2.0,easy but poor quality like samsung oem part about had it with these cheap parts samsung original failed very fast this is my 2nd one of these in 18 months and it s failing again poor design by samsung but i would pay for a quality part that does not start sticking in 5 months easy to replace just bad design,durability_failure,,
refund_warranty_cs,1.0,sad worked for a day but made a lot of noise then it stopped making ice and made a pounding noise like a small person in there with a hammer trying to get out alas we were unable to free him they did accept him and the machine back for a refund wish you luck ps hope he got out,,,
incompatibility,1.0,same part number as i had before but has changed i purchased these filters based off of what i had before exact part number and brand but they have changed these would not fit my refrigerator due to a change in the fitting i ultimately went to my local home center at double the price but they did fit,,,
durability_failure,1.0,buy your filters at your local hardware store instead this filter is defective after installing this filter our water started tasting like rubber and plastic we had a whirlpool tech come out thinking that there was something wrong with our water line this was not the case he checked our filter and said that it is known that filters that have been kept shelved before selling can go bad he sees it q,purchase_warning,,
return_intent,1.0,the cooktop would not fit the location i was not able to use the ge cooktop because it would not fit the location on the kitchen counter i had to return it and find another cooktop that would fit the location,incompatibility,,
shipping_packaging,4.0,cool fridge tends to get damaged in shipping easily works as intense the refrigerator keeps things cold and the freezer freezes the first one i reserved was damaged after opening the box but amazon took care of it and brought out a new one and hauled the old one away the second one had some slight damage as well in the side but amazon took care of that as well the 4 star rating reflects the shippi,,,
build_quality,2.0,works but flimsy looks good at first but pretty flimsy one hard pull and you will losen the clips great for temporary use but i guess you get what you paid for buy straight from dealer for quality,,,
durability_failure,5.0,30 and youtube saved our stove our samsung gas oven died unexpectedly one day it just refused to ignite my husband was ready to go look at new ones but i took to the internet instead i found that this was a common issue with our 5 year old range and found a youtube video that showed how to replace the igniter i found this part ordered it and 3 days later have a working oven again cheaper than a ho,,,
misrepresentation,2.0,poor device knock off from edgestar like the edgestar unit this is like the edgestar unit just different color my edgestar version started leaking after 9 months looks like these are cheaply made in china rebranded and resold here,"build_quality,leak_damage",,
incompatibility,1.0,does not fit,,,
return_intent,1.0,beautiful refrigerator however i had to return due to dents beautiful refrigerator however i had to return due to dents on the side and could not get the wobbling to stop,,,
leak_damage,2.0,has never worked properly it is loud and leaks worked ok at first but not impressed,,,
water_taste_filter,2.0,eco friendly but a pain to use if i took a photo you could see the mess this device caused it required more h2o to clean this thing than what it made in coffee plus popping out the used coffee puck is less convenient too lots of sediment going in the bottom of my cup i really wanted to like it but i don t,,,
refund_warranty_cs,2.0,part stopped working after 8 months the first one i received was broken and the second one just stopped working a couple weeks ago from what i can tell the item is outside the warranty hopefully i can get a replacement product from a different vendor,durability_failure,,
return_intent,5.0,i am very happy with my purchase well the mini fridge it s more than what i thought it s cute nice and it does the work i have another of a different brand and we have problems with the temperature i had to send it back then i bought this one and no problems,,,
water_taste_filter,1.0,no good the water tastes terrible with this filter,,,
purchase_warning,1.0,bad buy save you money take s so long to heat up can t even cook probably with the heat on the stove top please save your money and the disappointment,,,
performance,2.0,it does not work as advertised but very inexpensive this product was supposed to attract pet hair and lint in washer it did not work,,,
performance,2.0,part did not work and had to be returned ice maker did not work returned on warranty claim bit of a hassle money refunded,refund_warranty_cs,,
incompatibility,5.0,sheerness thickness warmth is someone losing it what have thickness sheerness and warmth gotta do with paper coffee filters i have a large old fashioned coffee cone filter holder and needed chemex style filters for it unfortunately most of the chemex filters are made with a seam that dissolves under pressure and releases all the grounds into the pot and all of the melita style filters are too smal,,,
purchase_warning,5.0,this is a cool invention but buy some tough tape my husband installed this in about five minutes it heats the laundry room area nicely when the dryer is running i have not noticed any lint build up in the trap but i am really faithful about cleaning out the lint trap on the dryer so i do not think there s much blowing around in the hose we have used this for about a week that s 14 loads of laundry,,,
shipping_packaging,4.0,fit perfectly but arrived cracked fit perfectly but arrived cracked,durability_failure,,
shipping_packaging,2.0,shipped in a plastic bag shipped in a plastic bag arrived dented and stuck together i used them anyway but within a few weeks they need to be replaced not sure what happened but we can t get them clean,,,
durability_failure,5.0,replaces ge part wr55x10018 for dedicated ice maker i have a ge ice maker zdi15cbbn my thermistor broke and the ge part wr55x10018 was double the price of this since the ge and whirlpool ice makers share the same platform i figured this would also work in my ge ice maker works perfectly and at half the price,,,
leak_damage,5.0,15 minutes fix got this for my kitchedaid dishwasher thanks to a video i found on youtube on how to fix the bottom water leak the leak is gone and i am really happy how easy to change was it best 9 dollars i have spent,,,
performance,1.0,does not brew does not work got this to replace my keurig and it does not work never got to try it got it christmas eve to use christmas day wondering if i received a returned item because the box was beat up and the machine was in the box upside down,,,
leak_damage,5.0,best reusable k cup i switched to reusable k cups about 3 years ago and i think i have tried just about every brand out there and these are by far the best all of the other reusable k cups i have tried had lids that just did not have a tight enough seal so sometimes they leaked and i ended up with either grounds in my coffee or water dripping down the sides of my mug these are the first i have tri,,,
leak_damage,5.0,yes these are quiet just make sure that you yes these are quiet just make sure that you get the water seal in right as any slight miss alignment and you have leaks,,,
incompatibility,4.0,wrong size shrink tubing only issue was the heat shrink tube too big to heat shrink and protect the wire end part of the connection the tube is too short need tape or new tubing on your own,,,
durability_failure,5.0,saved me money my top rack keep following off the rack path until i replaced the broken part very easy to put on just make sure your dishwasher is compatible,,,
durability_failure,1.0,collapsed while washer was washing brought these for my wash and dryer set product was said to be very strong even showed a video with two men standing on them however the one for the washer did not last from the second we put it on not sure if it was defective or if it doesn t support the weight as stated,,,
return_intent,5.0,so far so good have had this for about a month and it is quite and is doing a good job got a different one last time and it failed in 2 months it was real noisy from the get go if the pumps are noisy from the start just send it back they will fail in a couple of months this one has been great and will buy from them the next time i need a pump,durability_failure,,
leak_damage,2.0,plastic hose not working well lint catcher not working at all i am writing the review after one month of usage overall the washer is light working but with a couple of problems the hose connecting the faucet and washer has plastic ends that seem not standard sized we got an adaptor which looks a good fit when we try it on the hose in the hardware store turned out leaking the plastic hose for pumpi,,,
incompatibility,5.0,easy peasy i was concern that it would not fit properly but it did simple to attach and hasn t been a problem yet,,,
return_blocked,4.0,product seems decent return policy not so much i bought this then my dryer motor died before it was delivered so i had to replace the whole thing unfortunately this item is non returnable due to the dangerous adhesive in the tube that i did not even open bonus unless you are a certified whirlpool dealer you ca not even resell it on amazon,durability_failure,,
build_quality,5.0,works as described although the knobs came late it was not an emergency to replace good thing that they fit like a glove for our stove whirlpool model sf377pegq serial rk3810696 not going to review on durability just yet because we only had the replacement knob for less than a day however it does not look flimsy at all let s hope it lasts for a long time,,,
durability_failure,4.0,my latest single serve coffee maker i must be a sucker for coffee makers i have gone through keurigs 3 of em icoffee and now cuisinart quite honestly i liked them all for a while the keurigs did not last long and i gave up on them the icoffee was great until it failed it failed under warranty but they refused to do anything about it i was upset amazon refunded me the full purchase price since the ,refund_warranty_cs,,
return_intent,1.0,did not work product did not work in refrigerator going to return for refund defective,"performance,refund_warranty_cs",,
water_taste_filter,5.0,great filter great price great filter great price first few days you may have a little charcoal aftertaste but that goes away quickly much cheaper than the lg filter and just as good or better,,,
misrepresentation,5.0,photo may be misleading but works i order this drum roller wheel replacement since mine broke on my dryer i this it from this buyer because it appeared to be the same as the original one that needed replacing when i received it it was a different wheel the wheel was grey and seemed thinner than the oem wheel once i installed it it worked like the original overall item work like it was supposed to ,durability_failure,,
incompatibility,4.0,not for curved bill the design is pretty sturdy however there were two flaws w it 1 it can not really handle the curved bill well w o making it more flat 2 it does not fit for kid s cap as it advertised,,,
refund_warranty_cs,1.0,have a 5 year warranty but can t get fridge repaired bought the fridge in 2018 with a five year warranty in 2020 called for service because fridge had a strange odor inside tech came out and found a plastic bag had slipped through a hole in the back of the meat drawer and melted against a coil the tech said it was a poor design and removed the plastic he said he would order the part and return in ,,,
incompatibility,5.0,looks different than old one but it s an upgrade i promise it appeared to be the wrong part because the design is much different than what mine looks like but it looks to be redesigned it s actually an upgrade with sturdier parts and slightly smarter function i am very happy with it had it in place for about 3 months now with no problems,,,
build_quality,1.0,i noticed that the dishes were still dirty and that the detergent tray was still half i wanted this to work so badly after my first round of dishwashing i noticed that the dishes were still dirty and that the detergent tray was still half full and damp while investigating issues and following the troubleshooting techniques in the book i noticed that the washing wand was rubbing up against the load,,,
return_intent,2.0,item has stopped working after four months i bought the ice maker so i did not have to buy ice and not have room in my freezer however after four months it has stopped working and i ca not send it back not very satisfied,durability_failure,,
misrepresentation,5.0,actually fits like the oem fuse and works great this fuse appears to be a legit clothes dryer fuse and not a cheap knock off before buying this item i had purchased the cheaper 10 pack for about 7 and the fuses were just slightly larger making them difficult to insert and remove also those cheaper fuses would blow after just a few dryer cycles this supplying demand we1x21975 4248223 clothes dryer ,durability_failure,,
refund_warranty_cs,1.0,unable to use as of now electrical short well i bought a dishwasher that does not work for a lot of money my kitchen is being remodeled so the install was not right away and neither the manufacturer nor seller will warranty it so all i can say is i bought a high end luxury dish washer that does not work do not buy from here,"performance,purchase_warning",,
water_taste_filter,4.0,excellant for the price i am satisfied with this filter it has the slightly angled grooves that my original filter has so it fits and locks in place although it does drip ever so slightly i have placed a small bowl under it to catch the drip there s only a small amount that builds up in the bowl that evaporates so much so i have never had to empty it the water quality is good i use it mostly for m,,,
durability_failure,5.0,just ok did not hold up very long before they cracked,,,
return_intent,2.0,not built to last broke the 1st time it was opened i returned them,durability_failure,,
performance,5.0,works like a charm works like a charm bought a house that had a kitchen aide fridge with an ice maker that did not work after looking online i bought this part and installed it myself glad to have an endless supply of ice again,,,
water_taste_filter,1.0,horrible smell and taste after connecting the water line to the ice maker the ice produced smelled and tasted of metallic chemical after a week of throwing out the ice i disconnect the line at the refrigerator and tested the water which still smelled and tasted of chemicals and metallic the water line it self had the same bad smell i replace the line with a polyethylene line the water through the ,,,
misrepresentation,4.0,not as advertised while it is a nice refrigerator with lots of room it is not stainless steel not important enough to me to return it but if it matters to you look elsewhere,,,
performance,2.0,good for rags but not my clothes i purchased this at a time when i was essentially desperate to save money and thought this would help me do it well it did not work party due to my own lack of dedication to making it work and partly because the machine is cheap and not a good fit for clothes in my humble opinion the machine left my clothes with lint all over them and super wrinkly the dyer seems l,purchase_warning,,
refund_warranty_cs,5.0,great legit replacement fits perfectly works great and it s the official filter so it s got a great warranty did not want to go with a no name generic replacement when it comes to our drinking water,,,
refund_warranty_cs,4.0,no leaks thus far but stay tuned tried the oem replacement and that was a disaster of a leak luckily purchased a cheap insurance policy on that bad joke a very common leaking problem in all the brands made by the parent company according to service guy usually happens right at warranty end imagine that would not recommend any refrigerator product made by this company extremely cheaply made buzzing,"build_quality,leak_damage,purchase_warning",,
leak_damage,5.0,works great and very cheap works great and a much cheaper than samsung filters my only issue and it s a small one but prior to inserting the filter i have to put a little cooking oil around the rubber rings to prevent them from leaking but otherwise they work great,,,
water_taste_filter,5.0,removes easily from filter basket comes out of the reusable baskets easier than other brands we have tried has no effect on the taste or brewing process with the exception of sediment in my coffee is virtually eliminated,,,
purchase_warning,5.0,expensive when only works for 3 months great little ice maker till stops working after 3 months like many others says ice tray full but nothing in there waste of money for that short of time working,,,
return_intent,5.0,not right size one size does not fit all disherwashers this was not the right size i have returned it,incompatibility,,
return_blocked,1.0,only lasted 2 months burned out 1 week after return window closed,durability_failure,,
incompatibility,1.0,these are too small to actually use waste of money half the size they need to be,purchase_warning,,
shipping_packaging,4.0,arrived slightly damaged not sure about how it will function just yet so it arrived ahead of schedule which is awesome the amount of beverages it can hold is pretty incredible but the fridge arrived damaged on the corner of the door it does not seem like it would affect the functionality of it but it s sharp enough that someone who is not aware of it could get cut from it i do not think it s much ,,,
return_intent,1.0,think before you buy this spinner dryer did not even leave the clothes damped it left them soaked company asked for a return i did not hesitate to return the product spin dryer that does not dry at or leave clothes damped who knows maybe it was just a defective one that i received,,,
shipping_packaging,4.0,works well mine arrived dented it s just cosmetic and doesn t interfere with function but still it s kinda annoying to shell out and have it arrive dented,,,
water_taste_filter,4.0,useful and cost effective they aren t quite as convenient as k cups but they save quite a bit in waste and money these pods are very useful and easy to clean my only complaint is that they don t filter as good as a regular filter there is a good amount of sediment but that doesn t really bother me my wife doesn t like the sediment but it s not that big of deal for me i would recommend,,,
misrepresentation,2.0,cheap knock off the set i bought from primeco supply was a cheap knock off the first hub piece i tried to install broke immediately,durability_failure,,
build_quality,5.0,quick easy and affordable repair one of the wheels on the top rack of our whirlpool gold series model wdt910ssym0 had broken this part provided an exact fit replacement of the broken adjuster assembly component containing the wheels the design of the wheel axle on this part appears more sturdy than the original there are a number of videos on youtube which clearly demonstrate how to remove and rep,durability_failure,,
water_taste_filter,1.0,avoid purchasing online i purchased this online thinking it would be a good deal i have purchased lots of things off of amazon warehouse and i have always been pleased with my products the product arrived in damaged packaging as expected that s not an issue because it s amazon warehouse after all the filter itself is correctly installed and has already had well over a dozen gallons of water put th,,,
return_intent,5.0,works way cheaper than samsung and there is three title says most of it simple by removing the plastic wrap and the cap and put it where your water filter was then supposedly use the water in the fridge to get rid of the air trap inside most thing to notice is before you buy your water filter get your filter out of your fridge and check the replacement cartridge number bought wrong model and had t,,,
purchase_warning,2.0,advertised as frigidaire electrolux brand that s why i paid a advertised as frigidaire electrolux brand that s why i paid a little more to get oem quality falsely advertised cheap generic brand does not fit well no phone numbers for customer service only will communicate through email check their reviews online beware,"incompatibility,refund_warranty_cs,misrepresentation",,
water_taste_filter,5.0,eliminates the bad taste of the local tap water i had a bit of trouble removing the old filter but installing the new one was a snap,,,
leak_damage,5.0,i would buy from them again in a heartbeat part fit perfectly and very easy to install saved 230 by verified it was this was leaking folks check out youtube it will have instructions how to troubleshoot and step by step to replace parts,,,
shipping_packaging,4.0,if you do not get a damaged one due to poor shipping you are good to go there are many options that came up with my search using the lg part number from the manual all claiming they were the same part yet they all looked different take the time to look at your motor to ensure it will work my model has 3 prongs for electrical connections and the metal washer do not know the official name is toward ,durability_failure,,
leak_damage,5.0,i am so glad i bought this i have not had it very long so i ca not attest to the longevity but it seems sturdy the suction cups on the bottom work really really well i ca not get the bottom drain to open so i use it in the tub where i can just tip the water out the instructions on how to put it together are almost useless but it was easy enough to figure out because it s handcranked the clothes ar,performance,,
purchase_warning,1.0,poor return policy did not need new in package but amazon return window closed just a few weeks after purchase do not buy,return_blocked,,
misrepresentation,4.0,definitely not oem but will do the job these are not exactly like the ones they replaced but they fit well enough that it wo not likely make a difference they do not seem to be the same material either hopefully that wo not be an issue the price was right,,,
shipping_packaging,1.0,need refund wrong item did not fit i am wanting to return this item and there is no return field exact replacements erb44t10010 bake element,"incompatibility,refund_warranty_cs",,
return_intent,1.0,does not fit right as many others have pointed out it does not fit right on the keurig machine it does not fit tightly against it i would have returned it but it was not worth the effort,incompatibility,,
return_intent,1.0,did not work i was very disappointed because it would not work with the machine had to return,performance,,
durability_failure,1.0,complete piece of over priced crap it breaks down often clogs hard to clean horribly made,,,
leak_damage,4.0,installed very easy the tank valve had a small leak a dab of silicone fix that,,,
water_taste_filter,5.0,gold filters we still use paper filters in these cups but do a much better job of taking out the oil and sediment than those previously used will buy more in future so we can have them made up and ready to use this is our second order of this product we liked them so much we purchased more when another brand started breaking love these cups but will continue to use paper filter in them as it filte,,,
return_intent,1.0,not correct and had to pay for returning it,,,
leak_damage,5.0,perfect replacement perfect replacement for a panda washing machine my oem hose started leaking on the second day of using it ordered this hose and have had no problems since,,,
return_blocked,1.0,junk lg refrigerator i bought an lg refrigerator 2015 since then i had to replace its ice maker compressor and motherboard last time when its motherboard was replaced it stopped running within 2 hours after the replacement lg technician mad a fake report saying that it stopped running due to an electrical issue with our outlet what a ridiculous made up story now lg service is telling me that i nee,"durability_failure,refund_warranty_cs,misrepresentation",,
misrepresentation,1.0,fake and not a 2 pack not a 2 pack filters are not genuine fake knock off,,,
water_taste_filter,1.0,not reusable the pores are tiny and it clogs it does not make it any better even if it is cleaned with vinegar scrubbed with soap or with a pressure wash even if you pore plain water it does not filter that too for those of you who want to use this more than 3 times suggest you go with a filter that is actually reusable perhaps a net filter where you can get the clogs out,,,
incompatibility,4.0,white trim instead of silver as pictured does not match the picture i received an item with white trim instead of the pictured silver trim not sure if it is a description error or if this is the correct item my model fridge has the silver trim did not want the hassle of returning and trying to for the correct one luckily the trim piece is easy to pop and swap out worked out fine,,,
build_quality,1.0,flimsy very cheap looking,,,
performance,1.0,giantex waste of money so my wife had me buy this compact twin washer spin dryer so she could wash clothes here at home the stupid thing does not fit our hook ups nor will it even attach to the sink the drain is gravity only so it s a ton of effort if you even want to use the crap machine because you have to haul it while full of water away from the kitchen or bathroom outside to drain and you hav,"incompatibility,return_blocked,purchase_warning",,
misrepresentation,5.0,exact oem replacement for my refrigerator this is an oem part not a chinese knockoff it fits perfectly and is genuinely a plug n play unit no need to fuss or modify anything i would highly recommend this unit if this is the model of fan you require for your refrigerator i would definitely purchase this again,,,
leak_damage,1.0,they leak do not waste your money i bought these filters to replace a ge gxrlqr water filter it would not seal properly and leak water do not buy a waste of money i bought these a little ahead of time had them for 4 mo and the company will not take them back,purchase_warning,,
return_blocked,5.0,everyone needs one of these i purchased of these for our large refrigerator after my uncle had an issue a lightning strike blew the circuit board in his large french door fridge and the company his warranty was with refused to fix it because they said he did not have a surge protector on his fridge he said he had never needed one for a fridge before why would this need one they said these new refr,refund_warranty_cs,,
shipping_packaging,1.0,wrong and cheap wrong item,,,
purchase_warning,1.0,stopped working in less than a month do not buy ive had the fridge for about 28 days now and it stopped working at the 25 day mark this really upsetted me and i mean reasonably it was a lot of money when the fridge arrived it was scuffed up a bit on the front and i did not think much of it until it literally just stopped cooling things whatsoever at all im really mad and do not really know how to ,"durability_failure,refund_warranty_cs",,
refund_warranty_cs,5.0,great freezer would recommend check seller and shipper received freezer no damage keeping 11 degrees half full quiet set up in kitchen working as advertised poor poor customer service tried to call after it was shipped 3 times kept on hold 20 min each time messege says hrs of operation call back i made adjustments for their time zone hung up glad mine was sold and shipped by amazon in case i ever ,,,
return_blocked,4.0,company made it right update the company made it right and issued a refund without being asked i appreciate that type of integrity thank you if i could leave a 0 star review i would my keurig was specifically listed for these reusable cups but will not work and when i tried to return them i received a notice that they are not eligible for returns,"performance,refund_warranty_cs",,
incompatibility,4.0,a welcome addition to our household we have had this dishwasher for about two months pros i spend less of my life washing dishes and i feel better knowing the dishes have been sanitized fairly easy to install i did have to do a little research on youtube but only because my sink was finicky ships quickly and is extremely well packaged does not require much dish detergent and most importantly it s ,,,
return_intent,5.0,a brilliant decision i was excited to receive this little washing machine and hoping it would be what i hoped with the mint closed down quarters for the laundry room in my apartment building has been quite difficult to get laundry done i would been washing by hand i would also had a problem with the landlord tampering with certain clothing items while they were in the dryer i also have post covid ,"durability_failure,performance",,
performance,1.0,avoid never worked and they offer me a discount to buy a new one we bought this for additional resources during parties it never worked we bought it right when pandemic started so we tried using it once did not really work and the machine was forgotten in the laundry room we tried calling customer service a couple of times and they went to some trouble shooting that we had already tried reading th,refund_warranty_cs,,
return_blocked,4.0,confused but otherwise pleased so far i misinterpreted the marketing on the amazon page for the cuisinart ss 5p1 40 oz coffeemaker there is a section titled what s in the box it lists the coffeemaker and right below it there is a section titled from the manufacturer which shows the coffee maker the water filter and the reusable filter cup it looks like the two sections are related and that the ite,"performance,refund_warranty_cs",,
shipping_packaging,1.0,buyer beware buyer beware this cooktop arrived missing parts and once installed did not work i paid a professional 20 an hour to install it and he had such a hard time trying to make it work that it cost 100 just to find out that the stove was faulty no customer service at empava was available i had to pay a 40 restocking fee so i lost 140 on this deal and have nothing to show for it this was the ,"performance,return_blocked,refund_warranty_cs,purchase_warning",,
durability_failure,5.0,amazing i highly recommended purchasing this ice maker i have an older refrigerator whose ice maker stopped working i had lots of room in the ice compartment and i tried this ice maker to see if it would fill my ice needs i love ice water and especially in this summer s heat i got it off the shelf plugged in washed and cleaned it and seven minutes later ice fell i am not sure about using it everyd,,,
build_quality,1.0,christmas accesories poor quality pieces coming apart,,,
build_quality,1.0,low quality displayed 4 different temperatures and 4 different humidity levels while on the same shelf do not waste your time or money,purchase_warning,,
water_taste_filter,4.0,please read the update i was wooed by the price and reviews but after 2 weeks of use in my honeywell humidifier the filter is yellow and brown which for me means it s not good enough even if it was free i have used a honeywell supplied higher cost filter for over a month in the same room and it is not even light yellow with inclusion of a bacterial control agent perhaps these generics will do the ,misrepresentation,,
purchase_warning,2.0,not as offered in the photos criminal this unit is not as advertised the offer shows the filter and the filter head but you only get the filter cartridge so do not buy this based on their presentation even in their extra special offers below the primary offer they show the filter and filter head plus the offer for a second cartridge this is also false do not get sucked in,misrepresentation,,
misrepresentation,1.0,we bought ours and were disappointed by its performance from the first week never buy a miele appliance they are unreliable and fixing them is a scam we bought ours and were disappointed by its performance from the first week it never works properly does not drain well constantly clogs and dishes have to be practically sparkling before they go in or they come out crusted and dirty then when it had,"leak_damage,return_blocked,purchase_warning",,
shipping_packaging,4.0,the screw top is so much better than the flip top ones i got this one with the screw on top to replace the laundry alternative washer of ours that had broken the top of the laundry alternative washer has a flip top that always leaked the screw top keeps the water in much better i am giving it 4 stars simply because it was missing one of the side pins that secure it to the base we salvaged one from,"durability_failure,leak_damage",,
incompatibility,2.0,to small the width of these filters was too small,,,
performance,5.0,what a life saver after doing some research on my refrigerator not cooling the trouble shooter recommended replacing this item whoa yes it did it help me save from having to replace an out of warranty frig with a new 800 one would give it 10 stars but that s not possible oh buy the way it was an easy install following the directions,refund_warranty_cs,,
return_blocked,1.0,weak fan this is much shorter in height and is nowhere near the stove also the fan on high is very weak after the install it is too late to return so i am stuck with it for now,,,
refund_warranty_cs,5.0,best and fastest customer service ever excellent customer service sorted out my issue within a day range is now working properly,,,
build_quality,5.0,great product beautiful color keeps the coffee hot and looks just great in my kitchen matches very well my new red toaster and red toaster convection oven i have used french presses for years and am so happy with the insulated ones i broke so many others within a short time of getting them as the glass was rather thin and fragile,durability_failure,,
performance,5.0,great little gadet i recommend for its advertise purpose the item is as described and yes the letters and the sign are larger than one might instinctively think they should by but the lettering is quite legible i am not sure about giftable maybe a stocking gift this item is correctly described and arrived on time we are happy that we no longer have the uncertainty of wondering if the dishes are or,,,
refund_warranty_cs,5.0,good customer service good price and fast delivery,,,
water_taste_filter,2.0,k155 not they do not fit the k155 the ones that work have two indentations on the bottom three stars off because k155 was listed as compatible at the time of my purchase two stars awarded because i gave them to friends who are enjoying them they do not need the paper filters but you might get a little bit of sediment in the bottom of your cup even with a drip grind i call it body and like it,incompatibility,,
build_quality,1.0,would not recommend extremely unhappy with these burner covers they arrived super warped and i could not get them to sit flat on my stove i immediately returned them as they were unusable in the condition that i re dived them,"return_intent,purchase_warning",,
purchase_warning,5.0,do not buy a ge washer another washer piece do not buy ge do you see how many parts we have bought for a 3 yr old machine not the sellers issue delivery was good and it s working,,,
water_taste_filter,4.0,a great option for the aeropress i have had an aeropress for almost two years and absolutely love it my coffee museum includes a variety of french presses etc but the aeropress is my go to method i am not officially a coffee snob but i do like to tweet about coffee stuff fullybrewed for almost the entire time i have had my aeropress i have used the paper filters until reading a blog about the diff,,,
return_blocked,1.0,do not buy product guaranteed to stop working shortly after 30 day warranty ice maker has stopped working and i come to find out the warranty is only 30 days ca not even click the ask a seller button as it does not work this seller is fraudulent and will do nothing to assist you this product is chinese garbage,"durability_failure,performance,refund_warranty_cs,purchase_warning",,
durability_failure,1.0,not what i thought cheaply made they are already broken,build_quality,,
misrepresentation,5.0,common shaded pole motor it s an ordinary shaded pole motor benefits of this one are that it s sized shaped and corded to be a drop in replacement for the listed fans if you want cheaper and less expensive go ahead and buy the chineese knock off but expect to have issues with fitting and wiring,,,
misrepresentation,4.0,fits it met expectations but why so expensive for a chinese knock off,,,
leak_damage,2.0,grounds the grounds leak through into my coffee cup,,,
misrepresentation,1.0,this is not a reusable filter for the carafe very disappointed in the way this item is advertised it is very misleading it is not a reusable filter for the carafe even thought the size is the same and amazon depicts this as for use with the carafe by placing it with the carafe and the brewer in the frequently bought together section,,,
misrepresentation,1.0,inaccurate reading my reading stays at 16 even after running a hot shower for 20 min the temperature reading works fine but i need the humidity read out,,,
shipping_packaging,5.0,definitely worth it we are very pleased with this ice maker we contacted customer service during installation because we didn t think to watch the install videos we thought a right angle joint in the water intake was missing however we discovered the correct install procedures from the video here are 3 things we learned 1 the water intake comes with a shipping plug that has to be removed before in,refund_warranty_cs,,
performance,5.0,buy from amazon and fix yourself save one part that makes your machine totally useless if it goes out took 10 years for this to go out on me took 15 to 20 minutes to repair on my own machine is working great again look for youtube videos on how to replace very easy,,,
build_quality,2.0,very thin not as thick as original filters,,,
incompatibility,1.0,did not fit my standard sized stove,,,
shipping_packaging,2.0,good and broken the product fits our fridge perfectly i am glad that it was a two pack because one of the items arrived broken at least we have one working shelf i would not recommend buying again unless you like rolling the dice,"durability_failure,purchase_warning",,
refund_warranty_cs,1.0,washer drain pump installed this and it worked for 2 months right after the return period expired luckily i bought the extended warranty,return_blocked,,
return_blocked,1.0,these do not actually protect your stove it s disappointing but it s too late for me to ask for a refund i gave these a real chance which is why it s too late to ask for a refund they do not do what they claim to do splashes and spills find their way under the bibs regularly they do not catch the overflow they just hide it until it dries and you have to scrub it off later and the damage is worse b,refund_warranty_cs,,
refund_warranty_cs,5.0,great customer service even after the warranty period is expired i have had my sensor for over 6 years and after i moved a few times the sensor would not reset and i was not able to restart it after contacting customer service who was very responsive i was unable to reflash the sw myself and proteus happily reflashed it for me and was returned to me in exactly one week the sensor has always been r,return_blocked,,
durability_failure,1.0,worked only one week then failed after only one week of use this unit has glitched it no longer makes any ice bottom is full of water up to the max mark upper scoop water holder cycles two times then fills with water then dumps the water and indicates add water i have it unplugged,,,
purchase_warning,5.0,30 minutes out of the box back up and washing dishes for the most part i always buy ge frigidaire or hot point appliances because of the ease price and availability of installing replacement parts beware of kenmore kenmore will change one feature on every part of an identical machine so that sears can sell you there altered version part at triple the price of the previously mentioned vendors anyon,,,
misrepresentation,4.0,be sure you have a place to put it i tried to buy a freezer about six month ago at a time which coincidently coincided with the corona scam freezers were not to be found anywhere whether the problem was due to a supply problem or panic buying or both i am not sure i prefer to buy appliances and such high cost items where i can inspect them first but circumstances created a crisis i had a processed,refund_warranty_cs,,
build_quality,1.0,terrible very flimsy does not stay in it s form well can easily crumble it when putting the fan assembly back over it does not wick well at all no worth the savings my humidifier never stopped blowing,,,
return_blocked,5.0,restocking fee i was ordering the i have knob for someone else had to return it cause the oven stop working the lady did not like it that she was charged a restocking fee,return_intent,,
durability_failure,1.0,stopped working after four months after purchase bought this product in may 2022 at the end of july ice maker starting having issues ice maker would show ice tray full even when empty and would not make ice unplugging machine would make it work again but would stop after a few ice drops as of last night machine has stopped work completely my sister has the same ice machine and had no issues with i,purchase_warning,,
leak_damage,5.0,worth the price decent construction great hood for an available inexpensive white 30 not an easy install will require additional parts and hardware for the price it works and looks great once installed leaks air back into the room so you need to use tape and sealant if you desire max exhaust out the flue also figure on ordering the better filters with the charcoal layer to absorb the grease replac,,,
build_quality,2.0,poor quality and does not fit right they are warped and do not stay in place the burners pop out of them and do not fit right poor quality,incompatibility,,
return_blocked,1.0,slow water we did our normal 6 month replacement in december after replacement our water slowed to a trickle and then ice and water production stopped we thought it was the whole fridge warranty was still valid so we had a maintenance call he suggested we try another filter because nothing was wrong ordered another filter in january replaced it and the water was fixed problem solved but no my 32 o,"performance,refund_warranty_cs",,
shipping_packaging,5.0,works to hold my lg washer dryer on top of a pedestal this worked perfectly with my dryer and pedestal i got it heavily discounted because this piece was missing well worth it,,,
return_blocked,1.0,not the pictured filter ring like others have said what is in the box is not the represented picture on this page what is in the box is not the correct ring the window of opportunity for this particular return was very short and i missed it so now i m stuck with two overpriced filters that i can t really use,,,
purchase_warning,1.0,broke after 2 months did not stay on interior piece stripped and kept spinning fell off and broke do not recommend,durability_failure,,
water_taste_filter,5.0,does what it is designed to do i have this on subscribe and save it arrived on time and it installed easily my wife and i have had refrigerators with in line water filters for 9 or 10 years now every filter cartridge we have ever purchased comes with fluid in it meant to protect the filter membranes this fluid gives the water a bad taste so after installing the filter i run 6 or 7 16oz cups of wat,,,
incompatibility,5.0,my first countertop dish washer and i love it the dishes are clean my first countertop dish washer and i love it the dishes are clean used it twice thus far it s small but so it does not fit much stuff but hey that s the reason i bought it in the first place because it does not occupy too much space warning i have a german grohe faucet with metal hose and shower head in my sink connecting the hose,,,
water_taste_filter,1.0,does not filter impurities tastes of chemicals i purchased the finvie fin 8 water filter to replace my ge water filter mwf it was easy enough to install and came with easy to follow directions i even pushed 4 gallons of water through before drinking the water as directed unfortunately this product does not filter much the water tasted of chemicals i gave it another 2 days to resolve but it never c,,,
water_taste_filter,1.0,ice cubes have a bad taste i am switching back to samsung the ice cubes taste like chemicals,,,
purchase_warning,5.0,do not buy a new dryer until you have tried this this product mixed with a youtube video allowed me to repair my 8 year old roper dryer in just minutes the experience was empowering,,,
durability_failure,2.0,it broke after three uses cheaply made,build_quality,,
incompatibility,4.0,great product it states it wo not fit ge but with a little work on the pan it sets in it will if u have the round 1 1 2 setback electric ends the stove is two months old and burners started to fail already they have the safety shut offs in the center and with wock cooking they soon fail happy so far fast shipping,,,
misrepresentation,5.0,filterlogic water filter for samsung needed to reorder filters for our samsung refrigerator three packs seem the way to go for the best value although not oem they fit and work just fine at a fraction of the cost will buy again when the need arises,,,
incompatibility,4.0,fit could be better these drip pans help with minor cleanups just take them off and wash with soap and water however they do not fit as well as expected and grease and splatters do seep under the drip pans clean up is a bit easier,,,
build_quality,4.0,arrived as promised these are very thin and the coffee grounds go through i am using two at a time,,,
purchase_warning,1.0,item wrong size not long enough for advertised model do not buy item did not fit it was 2 too short and i had to get an oem part installed cost me 95 and wasted a week of doing laundry with coins item numbers matched 312959 for maytag lde8200acl but was not same length as original part item would not function because it was impossible to install,incompatibility,,
shipping_packaging,1.0,received with missing parts had to send back missing the handle,,,
build_quality,5.0,excellent organized refrigerator i like how many eggs i can store in this it s not flimsy nor super thin it s just right it s super easy to wash and it makes the rest of everything i did to reorganize my refrigerator look amazing,,,
leak_damage,5.0,fix that leaking mashing machine our washer developed a drip that came from the valve unit that mixes the hot and cold water for the tub it s a bit of a chore getting behind the washer but about 45 minutes later the new unit was in place and took care of the problem great part and fast shipping thank you for your help,,,
purchase_warning,1.0,do not buy thor we purchased a thor wine cooler in march 2021 it s now august 2021 we just go an f1 error code the manual says to call customer service for servicing i call and was told the cooler is under warranty for two years but only for parts i will have to pay to have a service technician come over and pay for any additional time beyond the initial service call really what kind of warranty i,refund_warranty_cs,,
return_blocked,5.0,work just past 90 day warranty and then quit the first one quit working after a few months company replaced it very quickly this 1 is working great,"durability_failure,refund_warranty_cs",,
shipping_packaging,2.0,damaged and missing parts one of the filters was damaged and both light bulbs missing upon receipt,,,
durability_failure,4.0,arrived quickly worked perfectly i purchased this product after 3 light bulbs died in my sub zero refrigerator they did not die all at once they died over a period of many years i ordered these builds as a replacement they were are perfect the arrived quickly and were well packaged no issues at all why did i give this product only 4 stars because another seller has a 6 pack for less money per bulb,,,
misrepresentation,1.0,not as advertised the product is advertised as working in any one quart jar including ball brand pictured but neglects to mention it will not work with normal mouthed jars i assume it will work in a wide mouth jar but this really needs to be specified as i was looking specifically for filters that would work in the jars i already owned i am dissatisfied with this purchase,performance,,
leak_damage,1.0,one out of three worked one worked perfect but when time to change filters the other did not work was afraid to try the third one since the second one flooded the floor before i could get the old one back in place,performance,,
performance,1.0,does not work in sboly single serve brewer this did not work in my sboly as the needle did not line up with the hole in the basket,,,
return_blocked,1.0,not worth the money i paid within the 2nd year the ice water valve died and had to replace then the ice switch inside broke and had to replace now 2 door trays have broke at a cost 100 each so ive spent upwards of 500 within the 2nd year of owning after the warranty expired,"durability_failure,refund_warranty_cs",,
return_blocked,5.0,stopped working after 3 months revised i started this bad review 3 weeks ago and after talking with my son who also owns this machine he also had the same issue he took the time to call the company super easy solution if you have hard water you need to wipe the sensors that are on the sides where the ice drops or it thinks the ice bucket is full since i already bought a different machine we will u,"durability_failure,purchase_warning",,
build_quality,4.0,it works the product arrived on time i used it right away the plastic is a little flimsy so be carful opening and closing it as you can see by the photos i submitted the item works well i m going to order a more sturdy k cup,,,
refund_warranty_cs,4.0,it works perfectly fine so there are a lot of mixed reviews on this and i almost went crazy reading them all because buying an ice machine is a big purchase first of all it s a baller move secondly the last thing you want is for this to break third well this up s your dad game to a new level when you have an ice machine at the next bbq you host pros it produces ice pretty quickly i have had it for,,,
purchase_warning,4.0,great purchase i purchased this aglucky countertop ice maker almost 4 months ago i live in a small lakeside cottage and the kitchen does not allow for a refrigerator large enough to contain an ice maker keeping up with ice cube trays especially when entertaining was a challenge i was just done with i also do not have a lot of counter space but since this unit has a fairly small footprint i was wil,"durability_failure,refund_warranty_cs",,
misrepresentation,1.0,misleading photo misleading photo what came looked way bigger and you bvb have to cut the circles out yourself no template,,,
return_intent,5.0,nice and long i returned it the inlet was too small for my application,incompatibility,,
durability_failure,5.0,perfect fit and value well it s an exact match for the one i removed that was cracked i do not really like the lg design of this thing because i can see were the stress point could cause it to break but i will say this one is just like the one i removed and a good value compared to other sites that were about twice as much been working fine for a month now easy install,,,
build_quality,5.0,works fixes a problem with how the wheels were constructed from the manufacturer replaces a flimsy plastic piece with sturdy metal,,,
performance,5.0,great set keurigs ca not be beat for convenience but the expense limited variety and environmental impact are downsides this set of five reusable cups addresses those concerns they work in my 2 0 and my mini take care to align them properly or they wo not work the covers are attached they are easy to clean the scoop is handy and makes it easy to use the correct amount it also can be clipped to you,,,
misrepresentation,4.0,i tried to use the knock off model bought i tried to use the knock off model bought one on amazon which claimed to fit but did not had to end up putting the old one back in until i could order the original one on amazon,,,
refund_warranty_cs,1.0,not genuine ge broke in two weeks says genuine ge but its clearly not asked for full refund,misrepresentation,,
misrepresentation,5.0,this company is a scam after receiving the product i used it in the illy machine as prescribed and the screen bowed shooting coffee everywhere when i contacted the company for replacement there was no response,refund_warranty_cs,,
return_blocked,1.0,warranty no good it s a update i never got my money back they never fixed nor sent me a new one the warranty listed in the description is bogus sent video photos and am stuck with a broken machine not worth the money or the time wasted on all the month back and forth emails they waste your time so the amazon dispute expires purchased in sept thought it was great as i do every year i unplug everyth,"durability_failure,performance,refund_warranty_cs",,
shipping_packaging,1.0,package arrived damaged packaged arrived late and came damaged very dissatisfied,,,
build_quality,4.0,it works until it did not the point is that it works that being said the quality if the plastic and overall construction of the device are flimsy edit lasted less than a year,,,
return_blocked,5.0,very easy to install bought this to replace a the one on my washing machine that had a manufacture defect and started leaking of course my machine s warranty had expired a month prior was very easy to install machine ran great afterwards actually drained and finished the cycle since it would not drain during the wash cycle to empty the tub so i could replace the part i ran the machine through the ,"leak_damage,refund_warranty_cs",,
water_taste_filter,5.0,taste free replaced rubber water hose for fridge due to chemical taste with this no more bad flavors,,,
return_intent,5.0,factory humidifier drawer replacement fits and looks good but expensive my original crisper drawer broke off both of the guide wheels over the last couple of years and i got around to replacing it i initially tried to find a non whirlpool replacement drawer 60 and ordered one without measuring it it looked like the original and it did not fit returned it and could not find a replacement without bu,"durability_failure,incompatibility",,
return_blocked,5.0,glacier fresh water filter replace expired filter,,,
misrepresentation,1.0,used it s used it has a gross smell and a weird substance i ordered a new one please refund tried to get my money back i am not gonna pack this up again give me my money back false advertising,refund_warranty_cs,,
durability_failure,2.0,breaks when you use this is the second one i had to purchase in less then 2 years snaps very easily single person household which has no traffic,,,
leak_damage,1.0,do not buy this flood where the biggest hose connects on the back of this the plastic is in no way as thick as the original mine collapsed hose came of and flooded my kitchen and laundry room i would not buy this if i were you beware,purchase_warning,,
incompatibility,1.0,no a good product not what i expected did not fit cheaply made,build_quality,,
water_taste_filter,1.0,do not buy these like many other reviewers here my filter failed within weeks quickly developing a strange chemical taste in the water these filters are either defective or knockoffs or worse refurbished refilled anyone stay away i would buy almost anything online except shoes but from now on all my filters are coming from a reputable appliance retailer,"durability_failure,purchase_warning",,
durability_failure,1.0,stopped working it worked fine for a while but suddenly it stopped spinning i never used the spin dry function only the wash function i used as instructed and it broke i am not sure how long i e had it but certainly not long,,,
water_taste_filter,1.0,i tried running the water for a long time and it still has such a chemical taste that my tap water tastes like fresh spring wate i replace my water filter every 6 months and have been doing so for 5 years the normal brand i was buying was no longer available so amazon replaced it with this the water tastes just awful i tried running the water for a long time and it still has such a chemical taste ,,,
leak_damage,1.0,i followed all the directions and it still leaked large amounts of water even after my husband reinstalled it,,,
build_quality,4.0,got what i expected for the price the previous reviews others gave were informative i felt i knew what i was getting into those reviews set my expectations and were on point it s very slim and more modern looking than any others out there for a much more affordable price i just was not willing to pay allot for a fan with light price gets an a i did not expect high quality due to other reviews and ,,,
performance,1.0,how to return did not work i am unable to review this because i had to return it due to it not working and i was not able to get a replacement,return_intent,,
return_blocked,1.0,not worth the price the replacement wheels turned harder than i liked but appeared to be fine it ran for exactly 4 days past the amazon return window at which point it froze up enough that the belt broke,durability_failure,,
build_quality,1.0,this is junk zero stars this product is so cheap and junky the slot for the burner is in the wrong place and it won t sit level it s of very poor quality at best and a dangerous fire hazard returning,,,
performance,5.0,great coffee maker i love my cuisinart ss 10 i read many reviews before deciding on this model and as soon as it arrived i threw away my useless keurig machine this cuisinart makes delicious k cup coffee and there are 5 different size options for each cup i am impressed with how hot the coffee stays in the mug and how the machine is compact and does not take up too much counter space,,,
incompatibility,1.0,does not fit whirlpool front loader as indicated was not the correct handle even after searching by the model and serial number of our washing machine,,,
refund_warranty_cs,5.0,great for my toddy i enjoy using reusable products and this was key to my cold brew addiction emptying the grounds is a bit of a process but i feel better not throwing away a disposable filter every week also great is the customer service,,,
durability_failure,5.0,just what it claims to be i just replaced the knobs on our gas range with these after the shafts of the old ones broke the new ones slid right on no problem and look like original equipment very satisfied i wish the shafts were reinforced to prevent failure in the future but they are exactly like the originals just do not twist them too tightly and they wo not break,,,
performance,5.0,did not work did not work in my refrigerator had to buy g e works perfect,,,
shipping_packaging,5.0,great buy so glad i got this dryer i have the dryer on high for all my clothes except delicates the high setting dries the clothes just like a regular size dryer would i do not have to put the clothes back in for another cycle as long as you clean the lint trap and do not over load it with clothes it will dry them perfectly the product came in on time the box was damaged and my dryer did have a sm,,,
purchase_warning,4.0,we are out of ice not anymore i hate having to go buy more ice while camping and we are in a pop up not an rv i have had another one of these that crapped out i am going to check in the manual it says that there is a fuse that can blow maybe that was all that was wrong with my old unit going to check it s in the attic and this one is very similar the weird thing and i am going to check with the se,,,
water_taste_filter,2.0,water tasted bad and left a bad taste in your mouth,,,
purchase_warning,5.0,save money buy this part perfect fits works perfectly fixed my cold water issue and my old washer is new inproved and stronger than ever fix it do not waste money on a new one,,,
refund_warranty_cs,5.0,reliable ice machine as a disclosure i was prompted to write this review after filling out a survey to receive an extended warranty and gift card through vremi these were not contingent on writing a review but this did remind me that i had not yet come back to amazon to write one i wanted to give it a couple of months to compare it to other reviewers experiences the size of the machine is comparab,leak_damage,,
incompatibility,1.0,plastic bushings did not fit and suspension rods too long plastic bushings did not fit so i had to use the old ones the suspension rods were too long causing the tub to scrape along the tile floor during wash cycle returning these and buying oem elsewhere,,,
incompatibility,2.0,not compatible with keurig 2 0 after 1 week of use this refillable pod worked well for about a week i used it daily then all of a sudden my keurig 2 0 started saying it was not compatible if i giggle it a bit and continually open and close it it will eventually read but come on who wants to do that first thing in the morning when you are sleepy not me i give up,,,
shipping_packaging,5.0,came as advertised i actually waited a few days to order this because so many reviews saying it arrived damaged or faulty in some way on set up but when mine arrived it was in perfect condition came with a couple extra little things that i actually do not even use easy instructions really nothing to complain about as far as functionality goes the only thing i will say was annoying was the film cov,,,
return_intent,5.0,this was very well made but not the correct one for my washer so had to return,,,
purchase_warning,5.0,do not waste your time going to sears after wasting my time trying to get this part at 2 different sears locations and then again at an appliance repair place i finally resorted to amazon and received the part in 2 days popped this on my 40 year old kenmore dryer and it works like a champ,,,
return_intent,5.0,these are the correct size for kenmore 14906 these are the correct size for kenmore 14906 had to return the others from another company that were too short,incompatibility,,
shipping_packaging,5.0,perfect replacement for my missing part after purchasing a house i discovered that the samsung washing machine left by the previous owner was missing the liquid detergent tray i found this part on amazon and it fits the machine perfectly,,,
incompatibility,2.0,size of humidifier filters i have always gotten my wick air filters here for my humidifier i have the right model number its the same one i have always used that s right off the book for some reason these do not fit my humidifier anymore i have used the same part number model number but these filters are too short not long enough if your looking for these filters mar2 to fit the large floor model ,,,
build_quality,5.0,fit perfectly a bargain compared to oem parts these fit perfectly and installed quite easily so much cheaper than the oem parts which are crummy and turned brittle and broke after only 3 years fingers crossed these will last longer but if they do not at this price i will just buy more,durability_failure,,
refund_warranty_cs,1.0,bad customer service this was purchased aa gift to me it was damaged upon arrival and no one to call to get it replaced,,,
misrepresentation,2.0,not the same as pictured i have attached a photo of what i mean the beige dial on the right is my old one which cracked noticed that the flat part facing right is noticeably flat because it takes up more the circle center the white dial on the left is the one i ordered note that the flat area facing right is far smaller because because less of the circle center is truncated by the flat part the on,durability_failure,,
durability_failure,5.0,fits perfectly works great in our freezer wish i could have purchased only the door the part that was broken instead of the whole unit,,,
shipping_packaging,1.0,do not buy lg product came damaged door with 3 dents because i did not unbox this within 7 days from delivery we were remodeling and not ready for appliance installs lg will not fix the damage on a new in the box item do not buy lg,purchase_warning,,
purchase_warning,1.0,ordered 2 of these only one worked the key that works is awesome i ordered a second identical one from the same seller and it doesn t work buyer beware,,,
return_intent,5.0,i am a refrigeration technician so before i took it back i opened it up and found a bad water valve i bought 2 of these and one did not work out of the box and the other makes a ton of ice and extremely fast i did not purchase from amazon so i returned it to the store and got my money back i am a refrigeration technician so before i took it back i opened it up and found a bad water valve technical,"performance,refund_warranty_cs",,
misrepresentation,1.0,only one size cubes i bought it because i wanted 2 ice cube sizes and it only has one be aware false advertising,,,
water_taste_filter,5.0,exact replacement item is an exact replacement for the original the directions say to run some gallons of water through the product before full use the initial rinsing water comes out oily looking and with a chemical smell i would prefer to purchase a pre rinsed ready to use product i believe the product is overpriced,,,
water_taste_filter,1.0,bad taste used for a frigidaire really bad taste in ice cubes and water,,,
shipping_packaging,1.0,spring is not stainless steel the old chopper was worn and a blade was missing a 1 4 inch of its tip after 10 years original use the chopper in the picture was in the machine for only 3 days when it was removed to replace the circulation pump and the spring is already showing corrosion the spring is not stainless steel the spring in the second photo is from the original that has been in the dishwa,,,
performance,4.0,other than a possible design flaw with the filter this is a great coffee maker ok so i m a little confused with the filter the design is set to where only a portion of the water that goes into the machine runs through the actual filter the rest of the water goes completely around the filter rendering the filter nearly useless is this a design flaw or did i just install it incorrectly otherwise the,,,
performance,5.0,the shape of these replacements have changed but they do fit and work correctly so the shape of these filters has changed from when i purchased replacements last time and initially i thought that it would not fit correctly especially since the hole in the top is smaller when i first installed it i got the same trickle of water other reviewers have mentioned and was ready to return them but i decid,incompatibility,,
return_blocked,5.0,just as advertised good quality part that came with adhesive my error is that i ordered the wrong part number and it is not returnable,incompatibility,,
leak_damage,5.0,other brands leak not a drop from these filters the first time installed,,,
purchase_warning,4.0,it works well for some and not well for in short the concept works but could be improved in few ways i works fine with proper fine ground espressor coffee powder eg lavazza ii does not work well with store bought coffee might be due to uneven grinding iii good for even making your own tea extact in a hurry but beware of finely ground tea it clogs the filter iv if you happen to clog the filter it i,performance,,
durability_failure,5.0,perfect replacement fits my whirlpool refrigerator perfectly just what i needed to replace my broken one,,,
return_intent,5.0,love it great ice no problems yet with this one we purchased previously a couple other stainless steel ones older models and they both were bad made lots of noise had to return them this new model so far is great only had it a month praying it is the keeper,,,
incompatibility,5.0,exactly as described the bags were exactly as described well packaged and in fantastic and completely new condition i had bought them to start doing some bundles on amazon unfortunately these were too small for what i was going to use them for my fault not the vendors i miss measured what i needed the bags were the exact size they were supposed to be i ordered larger ones for this project and will,,,
leak_damage,1.0,tldr save yourself the trouble frequent dry warnings leaking front door poor customer support pros washes dishes very well when it actually works attractive looking cons we ve had this thing for 5 months and it has been trouble from the start 50 of the time it stops working mid cycle because it says it s dry it isn t the reservoir still has water if you add more water to the reservoir and just res,refund_warranty_cs,,
misrepresentation,5.0,real deal oem happy it is not a knockoff excellent quality for years i would get pads at the local home depot and did not think anything of it till my hvac guy said the pads were not oem and they did not fit well so i looked everywhere for oem and now i see what he was saying the generic pads are sightly thinner and as a result do move back and forth a little in the humidifier these oem pads fit f,"incompatibility,leak_damage",,
leak_damage,2.0,if it were just a little longer has small gaps at both ends that still allow door to leak does not seem to be a great fit,,,
